song_id;mean_valence;mean_arousal;genre;;valence;arousal
2;-0,217457588;-0,198647261;"	Blues	";max;0,616249886;0,668990683
3;-0,265822012;-0,194275762;"	Blues	";mean;0,043686248;0,030461919
4;0,155593863;0,243853761;"	Blues	";median;0,04146665;0,021826892
5;0,140050586;-0,236367044;"	Blues	";min;-0,63794936;-0,673141356
7;0,332048163;0,375631031;"	Blues	";;;
8;-0,001912221;-0,132107484;"	Blues	";Blues:;100;
10;0,042312581;-0,171206544;"	Blues	";Classical:;116;
12;0,341751922;0,286522998;"	Blues	";Country:;105;
13;-0,227371244;-0,328896319;"	Blues	";Electronic:;92;
17;0,170893364;0,03115098;"	Blues	";Folk:;71;
18;-0,041327699;-0,149579997;"	Blues	";Jazz:;105;
19;-0,009151063;0,280801924;"	Blues	";Pop:;78;
20;0,337579446;0,042583157;"	Blues	";Rock:;77;
21;0,331308008;0,392330628;"	Blues	";;;
22;0,015252661;-0,1620487;"	Blues	";;;
24;-0,066520165;0,118897629;"	Blues	";;;
25;-0,223215937;0,540035653;"	Blues	";;;
31;-0,180512976;0,075252753;"	Blues	";;;
32;-0,171764735;-0,026182286;"	Blues	";;;
35;0,383300943;0,00201299;"	Blues	";;;
37;0,26472517;0,368445301;"	Blues	";;;
39;0,160732449;0,589583443;"	Blues	";;;
40;0,073263049;-0,224231924;"	Blues	";;;
41;-0,084912942;-0,173412567;"	Blues	";;;
42;0,002773512;0,305608936;"	Blues	";;;
43;-0,164640243;0,414368377;"	Blues	";;;
44;-0,134189434;-0,271564192;"	Blues	";;;
45;-0,520407798;0,037216058;"	Blues	";;;
46;-0,214754459;0,182667693;"	Blues	";;;
47;0,005456638;0,018014642;"	Blues	";;;
48;0,060037306;0,007785557;"	Blues	";;;
49;0,167295596;-0,034797514;"	Blues	";;;
50;0,008594934;-0,251711499;"	Blues	";;;
51;-0,127239339;-0,257738219;"	Blues	";;;
52;0,074152516;0,013573475;"	Blues	";;;
53;-0,039924421;-0,073590515;"	Blues	";;;
54;-0,229959136;-0,227762561;"	Blues	";;;
55;0,131491635;0,222958444;"	Blues	";;;
56;0,144400011;0,27708112;"	Blues	";;;
58;-0,125724404;-0,280259836;"	Blues	";;;
59;-0,124296248;0,315398942;"	Blues	";;;
60;0,223652646;0,079169066;"	Blues	";;;
62;-0,197581244;0,231928153;"	Blues	";;;
64;-0,005208679;-0,16110245;"	Blues	";;;
65;0,133017383;0,335088367;"	Blues	";;;
67;0,30373089;0,489444092;"	Blues	";;;
68;0,040044997;-0,084877035;"	Blues	";;;
69;-0,198291135;-0,35405103;"	Blues	";;;
70;-0,221368954;0,032782628;"	Blues	";;;
71;-0,069061664;0,205090872;"	Blues	";;;
72;0,192602287;0,583299637;"	Blues	";;;
73;0,166136347;0,326232399;"	Blues	";;;
74;-0,07748187;-0,249220428;"	Blues	";;;
76;-0,326344325;-0,131883068;"	Blues	";;;
77;-0,350256418;-0,009805123;"	Blues	";;;
78;-0,237219433;-0,334496052;"	Blues	";;;
79;0,18064023;0,249939381;"	Blues	";;;
80;0,157038258;0,321449655;"	Blues	";;;
81;-0,14196591;0,303767769;"	Blues	";;;
82;-0,306112468;-0,348570093;"	Blues	";;;
83;0,177798972;0,390811154;"	Blues	";;;
84;0,032657667;0,511646114;"	Blues	";;;
85;0,298795444;0,569524656;"	Blues	";;;
86;0,278561295;0,267739708;"	Blues	";;;
87;-0,383572844;0,094362848;"	Blues	";;;
88;0,161820233;0,379197554;"	Blues	";;;
89;-0,151437476;-0,172029398;"	Blues	";;;
90;-0,027262003;-0,130205151;"	Blues	";;;
91;-0,052942899;-0,076003348;"	Blues	";;;
92;-0,027740793;0,354043087;"	Blues	";;;
93;0,28201571;0,422349622;"	Blues	";;;
95;0,008022948;-0,394892543;"	Blues	";;;
96;0,30383047;0,42105669;"	Blues	";;;
98;-0,471834099;0,128544374;"	Blues	";;;
99;-0,063263384;0,031694045;"	Blues	";;;
101;-0,331350379;-0,194403323;"	Blues	";;;
102;0,12768119;0,341977692;"	Blues	";;;
103;-0,215394074;0,280552344;"	Blues	";;;
104;-0,383851828;0,421137061;"	Blues	";;;
105;0,088295085;0,368815812;"	Blues	";;;
106;-0,210224317;0,000339297;"	Blues	";;;
107;-0,090123794;0,273973437;"	Blues	";;;
108;-0,126223254;-0,049655574;"	Blues	";;;
109;0,027519654;0,022218646;"	Blues	";;;
110;-0,364187432;-0,172643828;"	Blues	";;;
111;0,010639008;0,102315438;"	Blues	";;;
112;0,280579475;0,362940318;"	Blues	";;;
113;-0,123475998;0,250834825;"	Blues	";;;
114;0,263013178;0,145059297;"	Blues	";;;
115;0,533028062;0,64617792;"	Blues	";;;
116;-0,179304869;-0,02028712;"	Blues	";;;
117;0,151292124;-0,114070496;"	Blues	";;;
118;-0,002103894;-0,044819535;"	Blues	";;;
119;-0,2017027;-0,05257844;"	Blues	";;;
120;-0,082209002;-0,13326904;"	Blues	";;;
121;-0,077223223;-0,389414613;"	Blues	";;;
122;-0,023519829;0,278429358;"	Blues	";;;
123;0,290677843;0,337714562;"	Blues	";;;
124;-0,386789143;-0,074442559;"	Blues	";;;
125;-0,132407572;-0,040821115;"	Blues	";;;
126;0,325430274;0,080512288;"	Classical	";;;
127;0,129460223;-0,471365654;"	Classical	";;;
128;-0,231861802;-0,317038297;"	Classical	";;;
129;0,294285827;-0,097040532;"	Classical	";;;
130;-0,030453666;-0,22472666;"	Classical	";;;
131;-0,022322318;0,320225792;"	Classical	";;;
133;-0,593327308;-0,366710803;"	Classical	";;;
134;0,160893811;0,042413047;"	Classical	";;;
135;-0,290655778;-0,11080657;"	Classical	";;;
136;0,293562744;0,466774569;"	Classical	";;;
137;0,217241568;-0,195496594;"	Classical	";;;
138;-0,432557121;-0,089951144;"	Classical	";;;
140;-0,102636206;0,010551351;"	Classical	";;;
142;0,139810575;-0,009848415;"	Classical	";;;
143;0,01949757;-0,176302033;"	Classical	";;;
144;0,005318639;-0,352522068;"	Classical	";;;
145;0,083348068;-0,29557538;"	Classical	";;;
146;-0,222859979;-0,564371284;"	Classical	";;;
148;0,009312988;-0,004255325;"	Classical	";;;
149;-0,328649326;-0,15572689;"	Classical	";;;
150;0,041373717;0,040180507;"	Classical	";;;
151;-0,06668725;-0,395202796;"	Classical	";;;
152;-0,021241406;-0,094085914;"	Classical	";;;
153;0,038858205;-0,057849199;"	Classical	";;;
154;-0,096843654;-0,103242913;"	Classical	";;;
155;0,107987968;-0,271208616;"	Classical	";;;
156;0,379707254;0,401300182;"	Classical	";;;
157;0,306023284;-0,265356221;"	Classical	";;;
158;-0,24517223;-0,44700232;"	Classical	";;;
159;-0,328697474;-0,23484767;"	Classical	";;;
160;-0,251571875;-0,268855981;"	Classical	";;;
161;-0,300597514;0,245223602;"	Classical	";;;
162;-0,007875163;-0,197557009;"	Classical	";;;
163;-0,143760654;-0,077985831;"	Classical	";;;
164;-0,369475141;-0,156363346;"	Classical	";;;
166;-0,125183627;-0,255018169;"	Classical	";;;
167;-0,201525804;-0,42476426;"	Classical	";;;
168;-0,212237944;-0,172424731;"	Classical	";;;
169;-0,392043763;-0,50525653;"	Classical	";;;
170;-0,172229366;-0,41007693;"	Classical	";;;
171;-0,186144282;-0,451416957;"	Classical	";;;
172;-0,017001794;-0,18362181;"	Classical	";;;
173;-0,469326509;-0,064651284;"	Classical	";;;
174;-0,308785933;-0,114242171;"	Classical	";;;
175;0,052438833;-0,171563997;"	Classical	";;;
176;-0,264168426;-0,577596819;"	Classical	";;;
177;0,145183807;0,045356843;"	Classical	";;;
178;-0,132850632;-0,505090089;"	Classical	";;;
179;0,27302207;0,111004362;"	Classical	";;;
180;0,241411236;0,063439949;"	Classical	";;;
181;-0,448674108;-0,048491901;"	Classical	";;;
182;-0,19776759;-0,429780889;"	Classical	";;;
184;-0,156895945;-0,134684608;"	Classical	";;;
185;-0,176293047;-0,175908627;"	Classical	";;;
186;-0,183248533;-0,180680452;"	Classical	";;;
187;-0,251230936;-0,644845229;"	Classical	";;;
188;-0,202540712;-0,137764558;"	Classical	";;;
189;0,356012355;0,381639033;"	Classical	";;;
190;-0,289222004;-0,317256277;"	Classical	";;;
191;0,317177177;0,094008573;"	Classical	";;;
192;0,250428941;0,127673907;"	Classical	";;;
193;-0,394769649;-0,083670244;"	Classical	";;;
194;-0,100903022;-0,367893906;"	Classical	";;;
195;-0,355463958;-0,246536456;"	Classical	";;;
196;-0,046846334;-0,04929794;"	Classical	";;;
197;-0,36250942;-0,584139447;"	Classical	";;;
198;-0,341949716;-0,565805164;"	Classical	";;;
199;0,072690656;0,110049366;"	Classical	";;;
201;0,193520031;-0,190891342;"	Classical	";;;
202;-0,002912878;-0,073118708;"	Classical	";;;
203;0,079701016;-0,276472895;"	Classical	";;;
204;-0,443828978;0,009718739;"	Classical	";;;
205;-0,096254838;-0,440284204;"	Classical	";;;
206;-0,299241807;-0,442006622;"	Classical	";;;
207;0,081091137;0,081789046;"	Classical	";;;
208;0,255584997;0,008720096;"	Classical	";;;
209;-0,095426167;-0,255754353;"	Classical	";;;
210;0,296762431;-0,33249963;"	Classical	";;;
211;0,069144471;-0,249551013;"	Classical	";;;
212;0,184735358;-0,002613625;"	Classical	";;;
213;-0,523024666;-0,403279334;"	Classical	";;;
214;-0,077886792;-0,265552447;"	Classical	";;;
215;-0,422353517;-0,239444447;"	Classical	";;;
216;0,026083149;-0,019959975;"	Classical	";;;
217;0,086211644;-0,265576458;"	Classical	";;;
218;-0,120725229;-0,382244375;"	Classical	";;;
219;-0,140974854;-0,250811605;"	Classical	";;;
220;-0,315709102;-0,098232705;"	Classical	";;;
221;-0,226403801;-0,149099746;"	Classical	";;;
222;-0,096424411;-0,411285332;"	Classical	";;;
223;-0,305411442;-0,556229106;"	Classical	";;;
224;0,149370462;0,259742081;"	Classical	";;;
225;-0,071590488;-0,29143533;"	Classical	";;;
226;0,011466323;0,085631635;"	Classical	";;;
227;-0,302983248;-0,191640627;"	Classical	";;;
228;-0,174654394;-0,25661329;"	Classical	";;;
229;0,071753052;-0,001583538;"	Classical	";;;
231;0,198135488;-0,004535779;"	Classical	";;;
232;-0,344379019;-0,498824511;"	Classical	";;;
233;-0,006292608;0,100845267;"	Classical	";;;
234;-0,095934426;-0,026563838;"	Classical	";;;
235;-0,167833196;-0,346301729;"	Classical	";;;
236;-0,373314683;-0,417167074;"	Classical	";;;
237;-0,225533599;-0,221734982;"	Classical	";;;
238;-0,027286973;-0,418928568;"	Classical	";;;
239;-0,387651768;-0,607481891;"	Classical	";;;
240;0,370143078;0,399763137;"	Classical	";;;
241;-0,089107551;-0,186652817;"	Classical	";;;
242;-0,075145237;-0,332004529;"	Classical	";;;
243;-0,193516736;0,501294245;"	Classical	";;;
244;-0,074218219;-0,116304386;"	Classical	";;;
245;0,39259445;-0,150433789;"	Classical	";;;
246;-0,268359218;-0,157506264;"	Classical	";;;
247;-0,031468364;-0,053541078;"	Classical	";;;
248;-0,316684577;-0,369109837;"	Classical	";;;
250;-0,197167914;-0,234251878;"	Classical	";;;
253;-0,46313063;0,369836824;"	Country	";;;
254;0,545692433;0,312040813;"	Country	";;;
257;0,293211957;0,668990683;"	Country	";;;
258;-0,150933478;-0,079762725;"	Country	";;;
260;-0,213143862;0,08124524;"	Country	";;;
262;0,414991272;0,2609493;"	Country	";;;
264;0,145388782;0,110965124;"	Country	";;;
265;0,219640024;-0,104498764;"	Country	";;;
266;0,061104621;-0,17336412;"	Country	";;;
269;0,061585937;-0,004182901;"	Country	";;;
270;0,365224365;0,243934084;"	Country	";;;
272;0,305846688;0,185320569;"	Country	";;;
273;0,472478913;0,153050899;"	Country	";;;
274;0,127283403;0,576096539;"	Country	";;;
275;0,169474404;0,222251578;"	Country	";;;
276;0,078276638;0,318025973;"	Country	";;;
278;-0,003920277;0,013609319;"	Country	";;;
279;-0,023181855;-0,342664445;"	Country	";;;
280;-0,327014815;-0,115967174;"	Country	";;;
281;0,365678378;0,157765061;"	Country	";;;
282;-0,079793524;-0,295013098;"	Country	";;;
284;0,101260229;-0,117585407;"	Country	";;;
285;0,130460985;-0,188559725;"	Country	";;;
286;0,469623707;0,139804554;"	Country	";;;
288;0,220007096;-0,205172011;"	Country	";;;
289;0,32073965;0,219065258;"	Country	";;;
290;-0,085799579;-0,343870381;"	Country	";;;
292;0,566350898;0,614137634;"	Country	";;;
293;-0,165920477;0,327562748;"	Country	";;;
294;0,42307384;0,196434829;"	Country	";;;
296;0,199598962;0,224757959;"	Country	";;;
297;-0,07047365;-0,370052639;"	Country	";;;
298;0,171840625;-0,051528698;"	Country	";;;
299;-0,141790893;-0,462313542;"	Country	";;;
300;-0,002468005;0,406903094;"	Country	";;;
301;-0,240218243;-0,196150758;"	Country	";;;
302;0,357620973;0,329880396;"	Country	";;;
303;0,261691675;0,470764456;"	Country	";;;
304;-0,115472979;-0,122320494;"	Country	";;;
305;0,510074553;0,387153661;"	Country	";;;
306;0,363951082;0,168397415;"	Country	";;;
307;0,453935906;0,268522115;"	Country	";;;
308;0,315886222;-0,067558025;"	Country	";;;
309;0,20139591;0,124446167;"	Country	";;;
310;-0,30338437;-0,487553148;"	Country	";;;
311;0,312180212;0,236769501;"	Country	";;;
312;0,183983786;-0,030602045;"	Country	";;;
313;0,180021905;-0,215647364;"	Country	";;;
314;0,214380881;0,316381648;"	Country	";;;
315;0,456062401;0,29611187;"	Country	";;;
316;-0,221957319;-0,39109152;"	Country	";;;
317;-0,048284616;0,298999887;"	Country	";;;
318;0,252267145;0,377991465;"	Country	";;;
319;0,137785228;-0,116191642;"	Country	";;;
320;0,381116902;0,628375997;"	Country	";;;
321;0,162826874;0,46724186;"	Country	";;;
322;0,443146026;0,273230514;"	Country	";;;
323;0,243906035;0,00479932;"	Country	";;;
324;-0,045827508;-0,275099268;"	Country	";;;
325;0,16107753;0,319654803;"	Country	";;;
326;0,421994615;0,167978613;"	Country	";;;
327;0,444966984;0,333266413;"	Country	";;;
328;-0,18577744;0,154057526;"	Country	";;;
329;-0,196704959;-0,374971227;"	Country	";;;
330;-0,379094988;0,333517255;"	Country	";;;
332;0,356626051;0,181253423;"	Country	";;;
333;0,097334127;0,478711896;"	Country	";;;
334;0,175737097;0,340981858;"	Country	";;;
335;0,398918495;0,482124572;"	Country	";;;
336;0,300770294;0,228294307;"	Country	";;;
338;-0,188276135;-0,207129564;"	Country	";;;
339;0,416797301;0,303518948;"	Country	";;;
340;-0,061511741;-0,313406273;"	Country	";;;
341;-0,020521457;-0,146661657;"	Country	";;;
342;0,109872948;-0,20436897;"	Country	";;;
343;0,616249886;0,363677365;"	Country	";;;
344;0,026809511;-0,084894918;"	Country	";;;
345;0,244314507;0,505158869;"	Country	";;;
346;0,432878219;0,4038809;"	Country	";;;
347;0,217293781;-0,117288746;"	Country	";;;
348;0,232302711;0,109778482;"	Country	";;;
349;0,259409506;-0,228814193;"	Country	";;;
350;0,38937522;0,240683034;"	Country	";;;
352;0,011254446;0,150402808;"	Country	";;;
353;-0,050883546;-0,172096264;"	Country	";;;
354;0,257178687;0,473965343;"	Country	";;;
355;0,412220569;0,110999036;"	Country	";;;
356;0,297880833;0,037368116;"	Country	";;;
357;0,314115424;0,097905569;"	Country	";;;
358;-0,079987322;0,164183733;"	Country	";;;
359;-0,213152654;-0,472686996;"	Country	";;;
360;-0,072813621;-0,511688162;"	Country	";;;
361;-0,295206406;-0,461034479;"	Country	";;;
362;0,271533289;-0,097567181;"	Country	";;;
364;0,435323487;0,090172715;"	Country	";;;
365;0,309928331;0,28852311;"	Country	";;;
366;0,194403914;0,504272536;"	Country	";;;
367;-0,344600416;-0,392008369;"	Country	";;;
368;0,224589229;-0,036687464;"	Country	";;;
369;-0,317124977;-0,455333218;"	Country	";;;
370;-0,186376174;-0,141822812;"	Country	";;;
371;0,24544912;0,087230955;"	Country	";;;
372;-0,09953313;-0,269178537;"	Country	";;;
374;-0,006052815;0,480597093;"	Country	";;;
375;-0,358152111;-0,581811842;"	Country	";;;
376;0,233389351;0,13263709;"	Electronic	";;;
378;0,260938905;0,314853083;"	Electronic	";;;
379;-0,404889586;-0,602481095;"	Electronic	";;;
380;0,108737061;0,162449099;"	Electronic	";;;
381;0,293175825;0,26398114;"	Electronic	";;;
383;-0,076520587;-0,065864599;"	Electronic	";;;
384;-0,134871116;-0,133477035;"	Electronic	";;;
386;0,17077066;0,21092985;"	Electronic	";;;
387;0,252811581;0,151858673;"	Electronic	";;;
390;0,241420678;0,320425888;"	Electronic	";;;
391;0,240995561;0,274392156;"	Electronic	";;;
392;0,02586567;-0,1182563;"	Electronic	";;;
393;0,237807895;0,26143377;"	Electronic	";;;
395;0,369055535;0,394948427;"	Electronic	";;;
397;0,42227254;0,507286519;"	Electronic	";;;
399;0,312331482;0,372899936;"	Electronic	";;;
400;0,074755108;-0,001095923;"	Electronic	";;;
401;0,322200535;0,147880482;"	Electronic	";;;
402;0,474750644;0,487894421;"	Electronic	";;;
403;0,107650186;-0,074827711;"	Electronic	";;;
404;0,325026112;0,4144866;"	Electronic	";;;
405;0,437234305;0,264852458;"	Electronic	";;;
406;-0,029015878;0,232028743;"	Electronic	";;;
407;-0,016371527;-0,022256465;"	Electronic	";;;
408;0,240850957;0,325918452;"	Electronic	";;;
410;-0,029044588;-0,437659285;"	Electronic	";;;
415;0,057427995;0,224342825;"	Electronic	";;;
416;0,145280158;0,136489934;"	Electronic	";;;
419;-0,080936297;-0,369923567;"	Electronic	";;;
420;0,097060964;-0,049453766;"	Electronic	";;;
422;-0,344703161;-0,423481352;"	Electronic	";;;
423;-0,017192177;0,210536396;"	Electronic	";;;
425;0,346916602;0,452106789;"	Electronic	";;;
426;0,052476345;0,156322731;"	Electronic	";;;
427;0,141025256;0,155697835;"	Electronic	";;;
428;0,137139281;0,387271932;"	Electronic	";;;
429;-0,101004972;-0,225069497;"	Electronic	";;;
430;-0,17273556;-0,015692503;"	Electronic	";;;
431;0,14454364;0,25778565;"	Electronic	";;;
432;0,234147216;0,041088138;"	Electronic	";;;
435;0,327276237;0,119089558;"	Electronic	";;;
436;0,14785667;-0,024466746;"	Electronic	";;;
437;-0,047541442;0,070629252;"	Electronic	";;;
440;0,319983685;0,302110807;"	Electronic	";;;
441;-0,025263897;0,012123251;"	Electronic	";;;
442;-0,173487139;-0,127046809;"	Electronic	";;;
444;-0,493256567;-0,502036515;"	Electronic	";;;
445;-0,11282866;-0,554545302;"	Electronic	";;;
448;0,458908754;0,474709152;"	Electronic	";;;
449;-0,026141779;-0,357152581;"	Electronic	";;;
450;-0,01945261;-0,192550378;"	Electronic	";;;
451;-0,070124118;0,04183377;"	Electronic	";;;
452;0,371259438;0,158395743;"	Electronic	";;;
453;0,174582446;-0,094319973;"	Electronic	";;;
454;0,104360856;0,102315432;"	Electronic	";;;
455;0,225050632;0,152510017;"	Electronic	";;;
456;-0,452847985;0,252523139;"	Electronic	";;;
458;0,021960654;-0,269423616;"	Electronic	";;;
459;0,183535357;0,219479094;"	Electronic	";;;
460;0,02205218;-0,186126729;"	Electronic	";;;
461;-0,054579161;0,105061262;"	Electronic	";;;
462;0,011640186;0,283656759;"	Electronic	";;;
463;0,224538167;0,22613783;"	Electronic	";;;
464;0,181218152;0,101707616;"	Electronic	";;;
466;0,254120773;0,391678873;"	Electronic	";;;
467;0,422534969;0,416176633;"	Electronic	";;;
468;-0,432180737;-0,416170563;"	Electronic	";;;
469;-0,000829158;0,189379753;"	Electronic	";;;
472;0,009238482;0,356497797;"	Electronic	";;;
473;0,183085726;0,544194083;"	Electronic	";;;
475;-0,024164023;0,27269955;"	Electronic	";;;
477;0,420333236;0,429261029;"	Electronic	";;;
478;-0,224251647;-0,351064866;"	Electronic	";;;
479;0,118921758;-0,036349888;"	Electronic	";;;
480;-0,135049727;-0,331648558;"	Electronic	";;;
481;0,089188222;-0,234151618;"	Electronic	";;;
482;-0,382294015;-0,571898599;"	Electronic	";;;
484;0,313926252;0,394738012;"	Electronic	";;;
485;-0,03656866;-0,228225228;"	Electronic	";;;
486;0,173179429;0,308926587;"	Electronic	";;;
487;0,070639659;0,094976566;"	Electronic	";;;
488;-0,260340677;-0,650173243;"	Electronic	";;;
489;0,050336824;-0,049181753;"	Electronic	";;;
490;-0,227218715;-0,025020887;"	Electronic	";;;
492;-0,029802677;-0,035731466;"	Electronic	";;;
493;-0,020551267;-0,20860958;"	Electronic	";;;
494;-0,121939048;-0,301241267;"	Electronic	";;;
496;0,152807004;-0,343301743;"	Electronic	";;;
497;0,236412521;0,4391442;"	Electronic	";;;
498;-0,455502645;-0,346805536;"	Electronic	";;;
499;-0,204777744;-0,265518879;"	Electronic	";;;
500;0,126218232;0,365896442;"	Electronic	";;;
501;-0,117242959;-0,28097706;"	Folk	";;;
502;-0,015010082;0,111649616;"	Folk	";;;
503;0,246245055;0,306841848;"	Folk	";;;
504;-0,192451573;-0,015337457;"	Folk	";;;
506;-0,156729705;-0,229095801;"	Folk	";;;
507;0,03720608;0,074809973;"	Folk	";;;
512;0,137469926;-0,070378825;"	Folk	";;;
513;-0,070868125;-0,278296758;"	Folk	";;;
514;0,181900494;-0,156179631;"	Folk	";;;
515;-0,280685507;-0,187928938;"	Folk	";;;
518;-0,180869745;0,022606762;"	Folk	";;;
519;0,181460572;0,536712367;"	Folk	";;;
520;-0,05226885;-0,219479403;"	Folk	";;;
521;-0,109584491;-0,33238448;"	Folk	";;;
522;-0,455676404;-0,228030807;"	Folk	";;;
523;0,209789664;-0,002089773;"	Folk	";;;
524;-0,064677911;-0,232344234;"	Folk	";;;
525;0,049791301;-0,0641908;"	Folk	";;;
527;0,201150625;-0,181133857;"	Folk	";;;
529;0,337927453;0,097574691;"	Folk	";;;
530;-0,183481955;-0,199116563;"	Folk	";;;
535;0,410111456;0,377349058;"	Folk	";;;
536;-0,132816932;-0,07401412;"	Folk	";;;
537;-0,437516526;0,066303711;"	Folk	";;;
540;-0,130968871;-0,21769174;"	Folk	";;;
544;-0,102332651;0,073472992;"	Folk	";;;
547;-0,007090947;-0,216392734;"	Folk	";;;
550;0,19658879;-0,043223738;"	Folk	";;;
551;-0,155965812;-0,275090937;"	Folk	";;;
554;0,056164029;-0,556286305;"	Folk	";;;
555;0,075241955;0,191489377;"	Folk	";;;
556;0,40792976;0,151138814;"	Folk	";;;
558;-0,329347147;-0,619730486;"	Folk	";;;
560;-0,005020596;-0,242037286;"	Folk	";;;
561;0,372750453;0,416370017;"	Folk	";;;
564;-0,034030024;0,075691261;"	Folk	";;;
565;-0,377737649;-0,254931621;"	Folk	";;;
568;-0,366543225;0,149342767;"	Folk	";;;
574;0,169270624;-0,115747676;"	Folk	";;;
577;0,1191773;0,123838925;"	Folk	";;;
579;-0,258926556;-0,163362196;"	Folk	";;;
580;-0,009394519;-0,493662024;"	Folk	";;;
581;0,186803848;0,174466635;"	Folk	";;;
582;0,091062309;-0,225932326;"	Folk	";;;
584;-0,526234362;-0,458410586;"	Folk	";;;
585;-0,193152871;-0,131737069;"	Folk	";;;
586;0,298002666;0,143559492;"	Folk	";;;
591;0,292580883;0,396189216;"	Folk	";;;
592;0,032241676;0,121552139;"	Folk	";;;
594;-0,329387666;-0,158418937;"	Folk	";;;
597;0,249687301;0,04516565;"	Folk	";;;
598;0,174598079;-0,088969666;"	Folk	";;;
600;-0,112867759;-0,23413141;"	Folk	";;;
605;0,290717637;0,039796184;"	Folk	";;;
606;0,105522707;-0,139173969;"	Folk	";;;
607;0,256866722;0,05585997;"	Folk	";;;
608;-0,037453564;-0,44777204;"	Folk	";;;
609;0,301823057;0,204735959;"	Folk	";;;
610;0,342343659;0,458192912;"	Folk	";;;
611;0,070107401;0,090918992;"	Folk	";;;
612;0,325656211;0,169893752;"	Folk	";;;
613;0,356742526;0,058866268;"	Folk	";;;
614;-0,072619478;0,088821041;"	Folk	";;;
615;-0,045054678;-0,239051405;"	Folk	";;;
616;-0,062829682;-0,126831436;"	Folk	";;;
617;-0,167586173;0,414358031;"	Folk	";;;
620;-0,017828785;0,26135645;"	Folk	";;;
621;-0,010863838;-0,325857942;"	Folk	";;;
622;0,025707626;-0,135556349;"	Folk	";;;
623;0,104427476;-0,251126025;"	Folk	";;;
625;-0,125234745;-0,341903721;"	Folk	";;;
628;0,397595817;0,117634427;"	Jazz	";;;
629;0,521001197;0,58889063;"	Jazz	";;;
631;-0,42693451;0,625858875;"	Jazz	";;;
632;0,181799503;-0,124066397;"	Jazz	";;;
634;0,166710739;-0,102432465;"	Jazz	";;;
635;0,406768005;0,326169423;"	Jazz	";;;
637;-0,211301978;-0,565060497;"	Jazz	";;;
638;-0,070918291;-0,265109643;"	Jazz	";;;
639;0,340745041;0,162919901;"	Jazz	";;;
640;0,557511625;0,569868636;"	Jazz	";;;
643;-0,105917776;-0,210420274;"	Jazz	";;;
644;0,15636239;-0,076470828;"	Jazz	";;;
645;0,141811392;0,017366659;"	Jazz	";;;
646;-0,079720981;-0,213725413;"	Jazz	";;;
647;0,143250996;-0,344921021;"	Jazz	";;;
648;0,447691562;0,114551274;"	Jazz	";;;
649;0,252881884;0,226016644;"	Jazz	";;;
650;-0,116297852;0,359451658;"	Jazz	";;;
651;0,486554579;0,520781458;"	Jazz	";;;
652;-0,196071257;-0,299393874;"	Jazz	";;;
653;0,17532967;0,208152433;"	Jazz	";;;
654;0,017846489;0,209280546;"	Jazz	";;;
656;-0,18504471;-0,325627288;"	Jazz	";;;
657;0,01793045;0,169325607;"	Jazz	";;;
658;0,101781054;-0,123116068;"	Jazz	";;;
660;-0,493214861;-0,673141356;"	Jazz	";;;
661;-0,478569436;-0,596480909;"	Jazz	";;;
662;-0,007170958;0,155694314;"	Jazz	";;;
663;-0,211837949;-0,135535252;"	Jazz	";;;
664;0,415900319;0,435602019;"	Jazz	";;;
665;0,349073555;0,160482576;"	Jazz	";;;
666;0,073736971;0,240761016;"	Jazz	";;;
667;-0,15771726;-0,091144889;"	Jazz	";;;
668;0,181565844;0,000738317;"	Jazz	";;;
671;-0,104252412;-0,294270046;"	Jazz	";;;
672;0,216362697;-0,210638832;"	Jazz	";;;
673;0,400454734;0,393747177;"	Jazz	";;;
674;0,518537704;0,4594425;"	Jazz	";;;
675;0,128368868;0,053025219;"	Jazz	";;;
676;0,452823638;0,415549052;"	Jazz	";;;
677;0,189018953;0,513636916;"	Jazz	";;;
681;0,360090672;-0,043166101;"	Jazz	";;;
682;0,304417715;-0,007564326;"	Jazz	";;;
684;0,06167571;-0,098053196;"	Jazz	";;;
685;-0,17018848;-0,078929989;"	Jazz	";;;
686;0,089712463;-0,258432332;"	Jazz	";;;
687;0,520709473;0,564292419;"	Jazz	";;;
688;0,01827794;-0,020655376;"	Jazz	";;;
689;-0,111009869;-0,209443034;"	Jazz	";;;
690;-0,001070668;-0,574965369;"	Jazz	";;;
691;-0,180113237;0,097787425;"	Jazz	";;;
692;0,055656511;0,565184482;"	Jazz	";;;
693;0,046674857;0,275298014;"	Jazz	";;;
695;0,200577973;0,402264757;"	Jazz	";;;
696;0,256052125;0,292267942;"	Jazz	";;;
697;0,230457266;0,080444252;"	Jazz	";;;
698;-0,171078641;-0,146741013;"	Jazz	";;;
699;0,048458525;-0,116844476;"	Jazz	";;;
700;0,124945714;0,093611236;"	Jazz	";;;
702;-0,375359643;0,598590425;"	Jazz	";;;
703;0,287065963;0,124514786;"	Jazz	";;;
704;-0,098604011;-0,169223196;"	Jazz	";;;
706;0,117690423;0,101665155;"	Jazz	";;;
707;-0,469649004;-0,478596482;"	Jazz	";;;
708;-0,215386788;-0,380615616;"	Jazz	";;;
709;0,08171388;0,238873597;"	Jazz	";;;
710;0,041960897;0,138399538;"	Jazz	";;;
711;-0,209604842;-0,368151829;"	Jazz	";;;
712;0,01784725;-0,197870096;"	Jazz	";;;
713;0,231868666;0,052263517;"	Jazz	";;;
714;0,035525652;0,006589637;"	Jazz	";;;
715;-0,01873918;-0,338010657;"	Jazz	";;;
717;0,011991104;-0,024833506;"	Jazz	";;;
718;0,343178466;0,185225819;"	Jazz	";;;
719;0,309202938;0,39473745;"	Jazz	";;;
721;0,059242576;0,206973166;"	Jazz	";;;
722;0,313300917;0,140827373;"	Jazz	";;;
723;0,44058785;0,411172705;"	Jazz	";;;
724;0,179913757;0,275320502;"	Jazz	";;;
725;0,196629939;0,118407417;"	Jazz	";;;
726;-0,358617657;0,395501669;"	Jazz	";;;
727;-0,022058791;-0,137577303;"	Jazz	";;;
728;0,51867848;0,437905443;"	Jazz	";;;
729;-0,232565312;0,228728261;"	Jazz	";;;
730;-0,047908739;-0,120151449;"	Jazz	";;;
731;0,263654041;0,608271382;"	Jazz	";;;
732;0,177761756;-0,008277134;"	Jazz	";;;
733;0,004948341;-0,153844227;"	Jazz	";;;
734;0,413366901;0,349951767;"	Jazz	";;;
735;0,018734393;0,051255784;"	Jazz	";;;
736;-0,191938036;-0,276988353;"	Jazz	";;;
737;-0,005674059;-0,087759609;"	Jazz	";;;
738;0,197137495;0,209927206;"	Jazz	";;;
739;0,372722473;0,331419746;"	Jazz	";;;
740;-0,079377036;-0,059885237;"	Jazz	";;;
741;-0,162521844;-0,029878701;"	Jazz	";;;
742;0,384573574;0,265265916;"	Jazz	";;;
743;0,059313297;-0,235058169;"	Jazz	";;;
744;0,198739932;0,307853949;"	Jazz	";;;
745;-0,63794936;-0,117615394;"	Jazz	";;;
746;-0,127756039;-0,209328367;"	Jazz	";;;
747;0,111052334;-0,182536729;"	Jazz	";;;
748;-0,033316606;0,074878696;"	Jazz	";;;
749;0,0408883;-0,061526091;"	Jazz	";;;
750;0,267056874;0,087727876;"	Jazz	";;;
756;0,380950956;0,246853641;"	Pop	";;;
757;0,321275134;0,180013596;"	Pop	";;;
758;0,186273448;0,098244518;"	Pop	";;;
759;0,249618452;0,366835994;"	Pop	";;;
763;0,156064583;-0,109458587;"	Pop	";;;
764;0,51849002;0,375485283;"	Pop	";;;
767;0,312488225;0,161787089;"	Pop	";;;
769;-0,058428729;0,433680648;"	Pop	";;;
773;-0,013495506;-0,138101712;"	Pop	";;;
775;0,007737373;-0,235433032;"	Pop	";;;
776;-0,000862135;-0,088062773;"	Pop	";;;
777;0,072309949;0,432980266;"	Pop	";;;
779;0,041559582;-0,209895696;"	Pop	";;;
780;0,272513291;0,158714279;"	Pop	";;;
781;0,277828346;-0,045644899;"	Pop	";;;
782;-0,089220864;0,418636374;"	Pop	";;;
784;0,090485431;-0,194203677;"	Pop	";;;
787;0,208063253;0,299886211;"	Pop	";;;
789;0,090903603;-0,095918152;"	Pop	";;;
790;0,133365148;0,539834986;"	Pop	";;;
791;0,036411494;-0,280010109;"	Pop	";;;
794;-0,106958509;-0,465344596;"	Pop	";;;
795;-0,214755386;-0,33895568;"	Pop	";;;
796;0,108681345;0,134551722;"	Pop	";;;
797;0,255471457;0,093349552;"	Pop	";;;
798;0,077480881;0,288858588;"	Pop	";;;
799;0,142896847;-0,031362137;"	Pop	";;;
800;0,006895232;0,027306447;"	Pop	";;;
801;-0,353836541;-0,311074225;"	Pop	";;;
804;0,376073265;0,33199644;"	Pop	";;;
805;-0,190507109;-0,527610026;"	Pop	";;;
806;0,39454245;0,400625596;"	Pop	";;;
807;0,166471295;0,021435138;"	Pop	";;;
808;-0,084790509;-0,32538161;"	Pop	";;;
810;0,31885292;0,335923068;"	Pop	";;;
811;-0,013083811;-0,099593511;"	Pop	";;;
813;0,260171273;-0,038349215;"	Pop	";;;
814;0,171766144;0,355850849;"	Pop	";;;
815;0,336027749;0,345123287;"	Pop	";;;
818;0,440837409;0,328133094;"	Pop	";;;
819;0,196019501;-0,048754237;"	Pop	";;;
820;0,275988955;0,260480675;"	Pop	";;;
823;0,022979606;0,104363806;"	Pop	";;;
824;0,427139382;0,505851905;"	Pop	";;;
825;0,250520432;0,067924613;"	Pop	";;;
826;0,054350765;-0,100385319;"	Pop	";;;
829;-0,019811813;-0,329362442;"	Pop	";;;
830;0,284670738;0,328139944;"	Pop	";;;
831;0,276990255;0,122519486;"	Pop	";;;
833;0,243699129;0,147606065;"	Pop	";;;
834;-0,113196121;-0,227708467;"	Pop	";;;
836;0,225039601;0,377907293;"	Pop	";;;
839;-0,117784289;0,090666917;"	Pop	";;;
841;-0,078897509;0,004012387;"	Pop	";;;
844;-0,246276158;-0,224259328;"	Pop	";;;
845;0,098566994;-0,000728642;"	Pop	";;;
846;-0,024546522;0,226206839;"	Pop	";;;
848;-0,331785054;-0,479121381;"	Pop	";;;
850;-0,382247912;-0,229679729;"	Pop	";;;
851;-0,084472442;0,110044597;"	Pop	";;;
852;-0,07581009;-0,105451858;"	Pop	";;;
854;-0,175351076;-0,375979577;"	Pop	";;;
855;-0,018848889;-0,308316022;"	Pop	";;;
856;0,244207326;0,458295565;"	Pop	";;;
857;0,132199494;0,038612266;"	Pop	";;;
858;-0,044272671;-0,009912648;"	Pop	";;;
859;0,072601126;-0,142081127;"	Pop	";;;
860;0,32184596;0,339945991;"	Pop	";;;
863;0,389092211;0,332518054;"	Pop	";;;
864;0,203304673;0,214846826;"	Pop	";;;
865;-0,126773208;-0,461130023;"	Pop	";;;
866;0,053149219;0,296079266;"	Pop	";;;
867;0,395797847;0,140197353;"	Pop	";;;
869;-0,042760097;-0,396808925;"	Pop	";;;
871;-0,0584379;0,280696645;"	Pop	";;;
872;0,302420253;-0,301981138;"	Pop	";;;
873;0,353257902;0,401265433;"	Pop	";;;
874;-0,11034442;0,428608171;"	Pop	";;;
876;0,408386553;0,557287379;"	Rock	";;;
879;0,209241098;0,154023959;"	Rock	";;;
880;-0,0541784;0,019695652;"	Rock	";;;
882;0,101847661;0,161421575;"	Rock	";;;
884;0,031421602;0,25532152;"	Rock	";;;
886;0,075465594;0,216227993;"	Rock	";;;
887;0,160998945;0,107090089;"	Rock	";;;
889;0,55079861;0,576491258;"	Rock	";;;
890;-0,245064543;-0,328701877;"	Rock	";;;
891;0,080309915;-0,109100536;"	Rock	";;;
892;-0,234363599;-0,001877564;"	Rock	";;;
893;-0,263661239;0,624792778;"	Rock	";;;
897;-0,103373685;0,054791216;"	Rock	";;;
898;0,072283986;0,385734484;"	Rock	";;;
899;0,296985112;0,217299756;"	Rock	";;;
902;-0,304326014;0,495930993;"	Rock	";;;
903;0,18137693;0,279833362;"	Rock	";;;
904;-0,196093167;0,213314433;"	Rock	";;;
908;0,123223442;0,199241699;"	Rock	";;;
909;0,21093984;0,343284438;"	Rock	";;;
910;0,427271078;0,507804855;"	Rock	";;;
911;-0,07881859;0,527162492;"	Rock	";;;
913;-0,249011916;0,068593421;"	Rock	";;;
915;0,135418308;0,056015533;"	Rock	";;;
921;0,326088928;0,236302315;"	Rock	";;;
924;0,325782962;0,279975227;"	Rock	";;;
925;-0,137833351;-0,059067185;"	Rock	";;;
926;0,036310169;-0,241665456;"	Rock	";;;
928;-0,288525451;0,117317276;"	Rock	";;;
931;0,406132279;0,45416751;"	Rock	";;;
932;-0,02305838;-0,08323459;"	Rock	";;;
934;0,304270292;0,370309618;"	Rock	";;;
936;0,056606737;0,271475499;"	Rock	";;;
938;-0,162252122;0,476576248;"	Rock	";;;
939;-0,298933555;0,234920989;"	Rock	";;;
941;0,26591077;0,57044803;"	Rock	";;;
942;-0,192343764;0,089445067;"	Rock	";;;
944;0,340323086;0,478332994;"	Rock	";;;
945;-0,298390208;-0,393029874;"	Rock	";;;
949;0,337711485;0,365271754;"	Rock	";;;
952;-0,370178644;-0,189026514;"	Rock	";;;
954;0,21379653;0,123005009;"	Rock	";;;
955;0,127087533;-0,177346849;"	Rock	";;;
956;0,046150142;0,112359899;"	Rock	";;;
957;-0,023073295;-0,311295558;"	Rock	";;;
958;0,225513349;0,284076017;"	Rock	";;;
959;0,322375502;0,352964566;"	Rock	";;;
960;0,459500421;0,523623235;"	Rock	";;;
961;0,122832957;0,018999125;"	Rock	";;;
962;-0,266501621;0,560160842;"	Rock	";;;
964;0,40388247;0,536927542;"	Rock	";;;
967;-0,25441172;-0,369250607;"	Rock	";;;
968;-0,21000434;-0,135032152;"	Rock	";;;
970;0,416773985;0,468528826;"	Rock	";;;
973;0,020141851;0,473446095;"	Rock	";;;
974;-0,228341986;-0,173265567;"	Rock	";;;
976;0,081890093;0,309112091;"	Rock	";;;
977;-0,333105563;0,492077241;"	Rock	";;;
978;0,299256455;0,623698181;"	Rock	";;;
979;0,136313285;-0,398069698;"	Rock	";;;
980;-0,056980989;0,379110665;"	Rock	";;;
981;0,425077649;0,475310678;"	Rock	";;;
983;0,257375041;0,078477307;"	Rock	";;;
985;0,152383968;-0,355386797;"	Rock	";;;
986;0,029605988;0,277515086;"	Rock	";;;
987;-0,201713911;0,294295553;"	Rock	";;;
988;0,053353697;0,095255978;"	Rock	";;;
989;0,411950314;0,412015867;"	Rock	";;;
990;0,280039119;0,290896948;"	Rock	";;;
991;-0,188118587;-0,294685112;"	Rock	";;;
993;-0,229811405;-0,041134373;"	Rock	";;;
994;0,131739148;0,440254779;"	Rock	";;;
995;-0,465206258;-0,060840503;"	Rock	";;;
996;0,402094309;0,362864522;"	Rock	";;;
997;0,33229497;0,301361269;"	Rock	";;;
999;0,253164457;-0,16022547;"	Rock	";;;
1000;0,326912851;0,481460349;"	Rock	";;;
